30,18,14,15,35,11,6,13,0,10,8,4,20
30,13,2,17,36,6,10,4,0,9,8,1,16
0.49377555,0.49355677,0.4935797,0.4935988,0.49373847,0.4935379,0.49382836,0.49356446,0.4938488,0.4938417,0.4935588,0.4935664,0.49359348
0.48743528,0.48714358,0.48716673,0.48716912,0.48743004,0.48711446,0.48748505,0.48719823,0.4875814,0.48758256,0.48723975,0.4871331,0.48723394
0.48892567,0.48851222,0.48853132,0.48850465,0.48888874,0.488504,0.48892006,0.48848706,0.48892772,0.48893264,0.48849922,0.48851347,0.48849174
0.49135706,0.49091458,0.49096814,0.4909626,0.4913531,0.49091536,0.49139002,0.49094602,0.49140474,0.49138638,0.4909786,0.49088436,0.4908989
0.49538547,0.49500135,0.4950059,0.4950602,0.49537128,0.49498305,0.4954461,0.4949995,0.495466,0.49549136,0.49503335,0.49496734,0.49502912
0.49993184,0.49962625,0.49970213,0.49968195,0.49992245,0.49964598,0.4999956,0.4996388,0.500043,0.50005245,0.4997238,0.49964178,0.49961025
0.50163674,0.50135195,0.50140095,0.5013803,0.50162625,0.5013866,0.501738,0.50138944,0.5017285,0.5017812,0.50144833,0.50137943,0.5013553
0.5039694,0.50373846,0.50374466,0.5037954,0.5039623,0.5037114,0.5040636,0.50372374,0.5040877,0.50408983,0.5037228,0.50373083,0.5036884
0.5070478,0.5067979,0.50677603,0.506857,0.50698566,0.50683314,0.5071098,0.50677174,0.5071876,0.5071601,0.50689083,0.5068152,0.5067766
0.51088315,0.51074237,0.5107628,0.51076394,0.510885,0.51076716,0.511,0.5107196,0.5109993,0.511056,0.5107807,0.51074505,0.5107384
0.51383144,0.5137169,0.5137367,0.5137698,0.51382303,0.51374626,0.51403296,0.5136545,0.5140166,0.5140653,0.51377815,0.5137029,0.5137168
0.5157174,0.5156077,0.5156121,0.51565045,0.5156544,0.51559967,0.51585865,0.5155229,0.515879,0.5158894,0.5156012,0.5155774,0.51558113
0.51779944,0.5177001,0.5177303,0.51773655,0.5178209,0.5177468,0.51794213,0.51767087,0.517929,0.51799977,0.51771337,0.5177478,0.5177023
0.52113664,0.5210311,0.52104914,0.52100044,0.5210504,0.52110845,0.5212259,0.5210315,0.5212407,0.5212948,0.521053,0.52105635,0.5210134
0.52399874,0.5239542,0.5240227,0.5240518,0.52401006,0.523983,0.524209,0.5239808,0.524252,0.52423346,0.52398765,0.52400786,0.5240217
0.5272906,0.527369,0.52743405,0.5274162,0.5272807,0.52742994,0.52759236,0.52734524,0.52754915,0.52761275,0.5273777,0.52739304,0.52738744
0.5302948,0.5304021,0.53037417,0.5304052,0.5302905,0.5304271,0.5305476,0.5303934,0.53058475,0.5305505,0.5303891,0.53039086,0.5303891
0.5328255,0.53295857,0.5329997,0.53299,0.5327886,0.53300893,0.53307813,0.5329504,0.5330869,0.53316647,0.53297347,0.5329837,0.53297746
0.53518206,0.53538436,0.53533036,0.535364,0.53512174,0.53534335,0.5354627,0.5353254,0.5354412,0.5354839,0.53533435,0.53535825,0.53531647
0.53802186,0.5382384,0.53824395,0.5382874,0.5380092,0.53826773,0.5382937,0.538229,0.53831303,0.538348,0.5382735,0.5382563,0.5382479
0.54136294,0.54163617,0.54166996,0.5416814,0.5413694,0.54169214,0.5416665,0.5416212,0.5416991,0.54172814,0.5416066,0.5416327,0.5416342
0.54456097,0.5449544,0.54489917,0.544926,0.5445688,0.5449535,0.5449063,0.544924,0.5449634,0.544945,0.5448894,0.54491854,0.5448824
0.54724914,0.5475477,0.5475326,0.5475676,0.54720604,0.5475953,0.5474993,0.5475898,0.5475364,0.54755,0.5476123,0.5476098,0.5475488
0.5498324,0.5502129,0.55025506,0.55030334,0.5498376,0.5502643,0.5502009,0.5502501,0.5502032,0.55031776,0.5502678,0.5502896,0.5502939
0.5525197,0.55298674,0.5529771,0.55295223,0.55250907,0.5530187,0.55291384,0.55298,0.55288094,0.55287534,0.552957,0.5529584,0.5529539
0.5552178,0.55566025,0.5556628,0.55567235,0.5551755,0.55569136,0.555555,0.55567795,0.55554247,0.5556198,0.5556925,0.5557415,0.5556801
0.5585929,0.559146,0.5591918,0.5591602,0.5585985,0.5591755,0.55903196,0.5591847,0.5590446,0.5590447,0.559164,0.55920887,0.55916804
0.5625283,0.56313515,0.56314176,0.5631175,0.5625178,0.563171,0.562951,0.56315017,0.56291735,0.5629933,0.5631177,0.56316286,0.56316173
0.5662849,0.56700325,0.56698203,0.56694627,0.5663,0.56707937,0.56674904,0.5670172,0.5667676,0.5667997,0.5670188,0.5670543,0.5669898
0.56956345,0.570306,0.570303,0.5703617,0.56956077,0.57036096,0.57006186,0.5703562,0.5700764,0.57004786,0.57030904,0.5703629,0.5703223
0.57227874,0.57310504,0.57317054,0.57309437,0.57226515,0.57314795,0.5727774,0.57311445,0.5727901,0.5728641,0.57314706,0.57317823,0.5731558
0.5758962,0.5767711,0.57684445,0.5767992,0.57584155,0.57681817,0.57644856,0.5767913,0.5763471,0.57644624,0.57677597,0.5767926,0.57677984
0.5791171,0.580029,0.58008343,0.5800558,0.57909197,0.5800558,0.5796205,0.5800582,0.5796096,0.5796835,0.5800428,0.58008164,0.58005697
0.58267367,0.5836533,0.5836764,0.5836693,0.582641,0.5836896,0.58324206,0.58364314,0.58318746,0.58327323,0.58362466,0.5836557,0.5836477
0.5852636,0.5863012,0.58628494,0.5862775,0.5852623,0.5863252,0.5858143,0.5863409,0.5858151,0.58589506,0.5862552,0.586335,0.586277
0.5879547,0.58900064,0.58902633,0.5890187,0.5879119,0.58911914,0.58853215,0.5890597,0.5885273,0.5886026,0.589032,0.589014,0.5890091
0.5906642,0.5917775,0.59177166,0.59181756,0.59064114,0.59176135,0.59125245,0.59180695,0.5912591,0.5913338,0.5917731,0.59179884,0.5917896
0.59346056,0.5945808,0.594619,0.5946236,0.59343016,0.5946359,0.5940889,0.59462965,0.59403193,0.59413475,0.5945824,0.59461135,0.59457403
0.59663624,0.5978322,0.5978385,0.5978639,0.596647,0.59789395,0.5972749,0.59786195,0.5972375,0.59731096,0.59784275,0.5978311,0.597843
0.6002774,0.6014666,0.6015067,0.60151666,0.60027295,0.6015707,0.60090256,0.6014901,0.60088223,0.60095406,0.6014931,0.60153,0.6015482
0.6037825,0.6050512,0.6050428,0.6050963,0.60379976,0.6051038,0.6043971,0.60510397,0.6043822,0.6044575,0.6050525,0.60505146,0.6050679
0.6067085,0.6080033,0.6080273,0.6080317,0.6066777,0.608065,0.60738564,0.6080694,0.6073354,0.6073965,0.607984,0.6080722,0.6080285
0.60973346,0.6110939,0.6111341,0.61117536,0.6097672,0.6111417,0.610423,0.611133,0.61042315,0.610457,0.6110738,0.61113125,0.61108756
0.6127076,0.6140607,0.61408406,0.61408925,0.6126753,0.6141185,0.6133056,0.6140933,0.61330116,0.6133419,0.6140314,0.61410713,0.6140641
0.61611027,0.617536,0.6175735,0.6175723,0.6161169,0.6175683,0.6167736,0.6175535,0.616753,0.6168048,0.6175111,0.617535,0.6175076
0.6203802,0.6218423,0.6219005,0.6219124,0.62037563,0.6218863,0.62101525,0.62191236,0.62105733,0.6211145,0.62186295,0.6219254,0.6218698
0.62279356,0.62433857,0.624348,0.62436986,0.6227643,0.6243813,0.62349725,0.6243477,0.6234786,0.6235303,0.6242824,0.6243221,0.6243213
0.62376654,0.6252747,0.6253202,0.6252737,0.6237423,0.6253207,0.6244473,0.6253091,0.62446004,0.6245377,0.6252912,0.62532,0.62528414
0.62589633,0.6274318,0.62746406,0.6274601,0.6258794,0.62748086,0.62661105,0.627455,0.626598,0.6266796,0.6274406,0.6274316,0.62746423
0.62949806,0.6310969,0.6311585,0.63118196,0.62949383,0.6311944,0.63024306,0.6312049,0.63023686,0.63030684,0.6311006,0.63113666,0.6310853
0.6330088,0.6346838,0.6347025,0.63467675,0.633063,0.6347293,0.6337745,0.634713,0.6337361,0.63380635,0.6346672,0.63474363,0.63467544
0.63674706,0.6384169,0.63845754,0.63849646,0.6367147,0.6385153,0.6374982,0.6385215,0.6374675,0.6375351,0.6384149,0.63849175,0.63846153
0.6405272,0.6423315,0.6423881,0.6424234,0.64049923,0.6424195,0.6413058,0.64238465,0.64130306,0.6413612,0.6423588,0.64233756,0.6423418
0.643983,0.64589643,0.64590275,0.6459526,0.6439613,0.645992,0.6448292,0.6459691,0.6448404,0.6448761,0.6458959,0.6459355,0.6459015
0.64698935,0.6489493,0.64896816,0.6489831,0.6469866,0.64900595,0.647888,0.6490112,0.647843,0.6478751,0.64896876,0.64901435,0.64894426
0.65005517,0.652117,0.65213287,0.6521576,0.65005755,0.6521658,0.650968,0.65212,0.65098417,0.6510258,0.65213364,0.65213215,0.6521716
0.65317553,0.6552819,0.6553036,0.6554038,0.65318114,0.6554217,0.6541638,0.65536857,0.6541349,0.6542032,0.65528804,0.6553267,0.6553153
0.65554583,0.6576536,0.6577124,0.657708,0.65551835,0.6576912,0.65648866,0.6577287,0.6564266,0.6564999,0.65764534,0.6577471,0.6577177
0.65887445,0.66107404,0.661137,0.6611524,0.65886354,0.6611484,0.6598902,0.66114646,0.65984195,0.65990144,0.66109633,0.6611435,0.6611485
0.6603737,0.66260856,0.6626705,0.6626727,0.660386,0.662684,0.6614046,0.66267246,0.66133654,0.66140115,0.66262114,0.66269094,0.6626429
0.6618674,0.66411835,0.66417855,0.66420126,0.66184837,0.66419923,0.6628828,0.66417044,0.6628397,0.6628976,0.6641559,0.6642083,0.664145
0.66340244,0.66570157,0.66576654,0.66576,0.66339797,0.6657933,0.664441,0.66573447,0.6643882,0.6644699,0.6657336,0.6657988,0.6657078
0.6647039,0.6669928,0.6670295,0.66706264,0.6646589,0.667114,0.6656634,0.66708964,0.66569716,0.6657069,0.66701406,0.6670748,0.667012
0.66530883,0.6676936,0.66772735,0.6677772,0.6653425,0.66780466,0.66637117,0.6677439,0.6663398,0.66642207,0.66765285,0.6677807,0.66774565
0.66559786,0.667962,0.6680516,0.6680705,0.66560274,0.6680806,0.666631,0.66805387,0.6666168,0.66666913,0.6679612,0.668067,0.6680464
0.66589797,0.6682893,0.66833806,0.66839796,0.6658767,0.66841173,0.6669633,0.66837305,0.66694045,0.6669911,0.66829556,0.6683702,0.66834503
0.6667445,0.66918623,0.6692443,0.6692309,0.6667374,0.66921455,0.6678063,0.66921556,0.66778815,0.6678457,0.6691756,0.6692574,0.66922224
0.66778624,0.67013705,0.6701953,0.6702435,0.6677675,0.67031384,0.6688175,0.6702064,0.66881204,0.6688417,0.67020833,0.6702655,0.6702289
0.66873467,0.67127454,0.67130953,0.6712894,0.6687455,0.6713549,0.66984147,0.67135334,0.6698602,0.6698796,0.67126304,0.6713437,0.6712836
0.67030096,0.6728448,0.6729136,0.6728996,0.6702969,0.67295265,0.6714385,0.6729189,0.67142415,0.6714584,0.6728614,0.6728839,0.67289734
0.67164415,0.67417717,0.67421573,0.67422056,0.671658,0.67426413,0.6727676,0.67421156,0.6727314,0.6727404,0.67413706,0.67423517,0.6741812
0.6722105,0.6747691,0.6748295,0.6748603,0.6722243,0.6748539,0.6733377,0.67485136,0.6733146,0.6733466,0.674818,0.67486805,0.67482555
0.67384803,0.67643934,0.67651147,0.6765229,0.67382526,0.67654365,0.67500913,0.6765259,0.67497396,0.6750148,0.6764563,0.67653286,0.6765004
0.6754625,0.6780553,0.6781166,0.67813945,0.6754544,0.6781575,0.6766112,0.67809546,0.6765742,0.6766263,0.6780827,0.6781741,0.6781136
0.6779268,0.68055636,0.6806326,0.68064535,0.67794496,0.68066204,0.6790418,0.68064445,0.67905146,0.67910534,0.68053526,0.6806284,0.6805651
0.68051785,0.6831555,0.6831965,0.6832158,0.68049693,0.68323296,0.6816579,0.6832234,0.6816695,0.68166417,0.68315077,0.6832772,0.6831844
0.68309164,0.6857206,0.68578523,0.6858023,0.6831057,0.68586445,0.6841949,0.6858222,0.68417645,0.6842565,0.68574786,0.6858471,0.68578583
0.68563217,0.6884165,0.6884493,0.6884711,0.68562204,0.6884775,0.6868184,0.6884634,0.68684506,0.6868321,0.68840814,0.6885023,0.6884096
0.68818873,0.69095796,0.6910282,0.69099003,0.68820345,0.691054,0.6894034,0.69096303,0.68939143,0.68937504,0.69099253,0.69102436,0.69096303
0.6902783,0.6931879,0.69319046,0.69322,0.69027925,0.6932675,0.691511,0.69317806,0.6915273,0.6915767,0.6931759,0.6932413,0.6931656
0.6932241,0.6961403,0.69618595,0.69619036,0.69324255,0.69621736,0.69449663,0.69616884,0.6944945,0.69454426,0.69611746,0.69624037,0.6961674
0.69605565,0.69898975,0.69906116,0.69906163,0.6960656,0.69907916,0.6973476,0.6990128,0.6973549,0.69735134,0.69903004,0.69902647,0.69899124
0.6983552,0.701266,0.70128626,0.7013007,0.698335,0.7013946,0.6995901,0.7013001,0.6995737,0.69958395,0.7012937,0.70134634,0.7013141
0.7004649,0.7034536,0.7035147,0.70352376,0.7004768,0.7035947,0.7017955,0.7035104,0.70184463,0.7017929,0.7035063,0.70361835,0.7034661
0.70178854,0.7048146,0.70488125,0.7049074,0.70182705,0.70493776,0.70312226,0.70487577,0.7031215,0.7031328,0.70486605,0.70495397,0.70485884
0.70292133,0.7059185,0.70598406,0.70600545,0.70287746,0.7060281,0.7041894,0.7059391,0.70422924,0.7042541,0.7059958,0.7060488,0.70597655
0.7050378,0.70815057,0.7082024,0.70822716,0.7050279,0.70825875,0.7064261,0.708151,0.706366,0.70641226,0.70813763,0.7082628,0.7081506
0.707069,0.71023273,0.7103184,0.7102737,0.707062,0.7103559,0.708493,0.7102069,0.7084657,0.7084828,0.71027416,0.7103584,0.71023333
0.70950717,0.7127406,0.71277785,0.7128011,0.7094908,0.71283287,0.71093464,0.71275854,0.71094847,0.710979,0.7127235,0.71286285,0.71277016
0.7119603,0.7152797,0.71534115,0.71533465,0.71194416,0.71540433,0.7134306,0.7152823,0.71346873,0.71345097,0.71532464,0.71539146,0.7152949
0.71476245,0.7181477,0.71823454,0.7182316,0.71475446,0.718288,0.7163046,0.71820617,0.7162927,0.7162754,0.7181416,0.7183062,0.71818084
0.7169451,0.72035813,0.7204309,0.72039187,0.71696645,0.7204521,0.71845496,0.7203612,0.71848077,0.7184806,0.72039765,0.72048664,0.7203825
0.7183454,0.7217764,0.72187024,0.72186583,0.7183551,0.72188944,0.7198705,0.72179,0.7198754,0.7199198,0.7217762,0.7219471,0.721827
0.7203058,0.72382,0.72385746,0.72384864,0.72032475,0.723934,0.7218602,0.7238431,0.721923,0.72188103,0.72385025,0.72391856,0.7238317
0.7223569,0.7258968,0.7259481,0.72597224,0.7223437,0.7260038,0.7239504,0.7259391,0.72394824,0.72396463,0.7259235,0.726038,0.72593457
0.72311556,0.72671574,0.72677916,0.72682774,0.7231466,0.72683513,0.72473305,0.7267446,0.72476834,0.7247376,0.72671187,0.7268614,0.72674084
0.7229932,0.72657585,0.7266225,0.72661805,0.72304267,0.7267064,0.72463894,0.72661656,0.72459435,0.7245986,0.7266055,0.72668546,0.7266268
0.7220026,0.725511,0.72554755,0.72555906,0.7219841,0.7256387,0.723522,0.7255386,0.72356564,0.72358125,0.7255441,0.7256284,0.7255328
0.72122115,0.7246712,0.72478753,0.72471946,0.72121185,0.72479254,0.7227094,0.7247308,0.7227179,0.7227791,0.72472656,0.72482216,0.7247084
0.719462,0.722859,0.7229487,0.72296745,0.71943915,0.72301924,0.7208963,0.72296464,0.72093534,0.72097504,0.7229282,0.7229789,0.7228533
0.71831614,0.7216756,0.72175944,0.7217703,0.71828973,0.7217933,0.7197545,0.7217464,0.719772,0.71982825,0.72167385,0.7218026,0.72168636
0.71819985,0.7215848,0.7216178,0.7216388,0.7181813,0.7217075,0.7196241,0.72161484,0.7196199,0.7196971,0.72158664,0.7217289,0.7215647
0.7186129,0.7218887,0.72197115,0.72198045,0.7185991,0.7220307,0.719994,0.7219761,0.7200066,0.7200645,0.7219568,0.7220168,0.7219327
0.71995175,0.72328824,0.72337353,0.7233651,0.7199348,0.72341007,0.7213635,0.7233587,0.72139615,0.7214417,0.72332644,0.7234443,0.72332305
0.7212636,0.7246275,0.72469753,0.7246878,0.72123164,0.7247493,0.722635,0.72470117,0.72263134,0.7227192,0.7246479,0.7247285,0.72461975
0.72269464,0.7260842,0.7261819,0.7261502,0.7227398,0.72620827,0.7241298,0.7261406,0.72416604,0.7241841,0.726104,0.72620445,0.7260757
0.7246662,0.7280329,0.72812515,0.7281671,0.7246651,0.72816753,0.72615236,0.7280903,0.72611725,0.7261625,0.728125,0.7281776,0.72811526
0.7266004,0.73007023,0.7301234,0.7301357,0.7265976,0.7301691,0.7280609,0.73006713,0.7280718,0.7281006,0.73007303,0.73016477,0.7300923
0.7282963,0.7317488,0.7317982,0.7318303,0.7283075,0.73188514,0.7297621,0.7318186,0.7297624,0.7298046,0.73181766,0.7318793,0.7317845
0.72978014,0.7332703,0.7333541,0.73334444,0.72980696,0.73340327,0.73128605,0.73331994,0.73125064,0.73128116,0.7333489,0.73338646,0.73328495
0.7316,0.7351264,0.7351739,0.73522353,0.7315698,0.7352501,0.7330476,0.7351484,0.73304135,0.7330763,0.7351742,0.73521674,0.7351242
0.7335038,0.73709816,0.7371682,0.7371601,0.7334572,0.7372019,0.7350419,0.73706293,0.73505425,0.7350596,0.7371138,0.7371816,0.7371138
0.7359851,0.7396523,0.7397216,0.73969775,0.7359788,0.739791,0.7375085,0.7396985,0.7375246,0.737542,0.7396884,0.7397464,0.73969126
0.73852867,0.7422837,0.7424132,0.7423966,0.7385804,0.742439,0.740171,0.7423108,0.7401445,0.7401763,0.7423178,0.7424391,0.7423285
0.74110615,0.74493104,0.74501425,0.74499905,0.741115,0.7450793,0.74273986,0.7449713,0.74271184,0.7427537,0.74497193,0.74505275,0.74495095
0.7432807,0.7471306,0.74720716,0.74721104,0.74325454,0.7472519,0.74494416,0.74716645,0.74491376,0.7449424,0.7471402,0.7472327,0.7471395
0.7447562,0.7487081,0.7487715,0.7487264,0.7447623,0.7488203,0.74647975,0.7487286,0.74640137,0.74646527,0.7487149,0.74880934,0.74868417
0.746132,0.75010943,0.7501784,0.7501836,0.74612755,0.7502135,0.747828,0.7501247,0.74777293,0.74783415,0.7501302,0.7501928,0.7500967
0.74709207,0.75113183,0.7511619,0.7512265,0.7470996,0.751245,0.74879026,0.75111103,0.7487958,0.7488318,0.7511354,0.7512188,0.7511383
0.7482016,0.75220287,0.7522621,0.752286,0.74820393,0.75233936,0.7498885,0.75220674,0.7499223,0.7498932,0.75226796,0.7523314,0.75221807
0.7492075,0.75322914,0.7532763,0.75328696,0.74920523,0.7533342,0.75088274,0.75323623,0.7508657,0.7509482,0.7532468,0.7532898,0.75326747
0.7503577,0.7544435,0.7544996,0.7545281,0.7503762,0.7545498,0.7520961,0.7544513,0.7520602,0.7521347,0.75445026,0.75451547,0.75446206
0.7525702,0.75673926,0.75680125,0.7568585,0.7525723,0.7568511,0.75435764,0.7567259,0.7543741,0.7543925,0.75674945,0.75685304,0.7567676
0.7549355,0.75921094,0.7592785,0.7592665,0.7549391,0.75930357,0.7567515,0.75919914,0.7567356,0.75680053,0.7592149,0.75928074,0.7592016
0.75738364,0.7617155,0.7618047,0.76183134,0.75739646,0.76185274,0.75929415,0.7617451,0.75926495,0.7593062,0.76175433,0.7618601,0.7617479
0.7598737,0.7642764,0.7643794,0.7643662,0.7598921,0.7643807,0.7618,0.7642857,0.76176614,0.76178837,0.76430225,0.7643728,0.7642691
0.7618476,0.7662982,0.76638407,0.7663584,0.7618663,0.76642716,0.76377445,0.7663094,0.7637819,0.7638047,0.76636237,0.7663997,0.7663138
0.76405877,0.76864916,0.768714,0.7687353,0.7640915,0.76875794,0.7661218,0.7686466,0.7660916,0.7661137,0.7686659,0.76872325,0.7686661
0.76656914,0.77113515,0.7712556,0.77127135,0.7665552,0.771331,0.7685943,0.771176,0.7685801,0.7686232,0.77122045,0.771293,0.7711724
0.76877666,0.77345234,0.77350897,0.77353615,0.76879805,0.77356976,0.77086425,0.7734685,0.77077544,0.7708397,0.7735102,0.77355707,0.7734659
0.7704196,0.775154,0.77526516,0.7752926,0.7704066,0.77529967,0.7725955,0.7751709,0.7725485,0.7725716,0.7751945,0.7752561,0.7751395
0.7720144,0.7767526,0.77685946,0.77686864,0.77199805,0.77691746,0.7741705,0.7768014,0.774114,0.7741296,0.776833,0.77689916,0.7768137
0.7743886,0.7792215,0.7792986,0.77932054,0.77436256,0.7793589,0.7765891,0.7792266,0.7765265,0.7765993,0.7792637,0.7793442,0.779244
0.7765595,0.7814495,0.78150403,0.781555,0.7765365,0.78159374,0.7787782,0.7814968,0.77872616,0.77876276,0.781526,0.7815255,0.7814964
0.7786025,0.78355354,0.78364223,0.7836724,0.77860594,0.7837127,0.7808462,0.7835948,0.78080827,0.7808387,0.78358924,0.78367144,0.7835344
0.7801339,0.7850704,0.7851843,0.7851964,0.78011084,0.7852225,0.78243124,0.7851498,0.782336,0.78239846,0.78514725,0.78520906,0.78514236
0.7811268,0.7860937,0.7862229,0.7862224,0.7811361,0.7862716,0.7834036,0.78617215,0.7833515,0.78340286,0.7861574,0.78622943,0.7861614
0.7824582,0.7874755,0.7875802,0.7875698,0.782498,0.78762347,0.78480107,0.78755224,0.7847723,0.7847929,0.7875517,0.78760815,0.7875174
0.7837185,0.7887433,0.78881484,0.7888521,0.78373235,0.78892344,0.78605783,0.78879446,0.78602713,0.7860225,0.7888074,0.7888528,0.7887727
0.78504825,0.79011714,0.7902006,0.7902234,0.7850306,0.7902618,0.78738886,0.7901577,0.78732437,0.78737926,0.79019296,0.7902576,0.7901606
0.7861968,0.79129106,0.7913649,0.7914036,0.78618306,0.79144424,0.7885669,0.79129314,0.7885052,0.78853345,0.79138625,0.7914268,0.7913405
0.7885125,0.7936846,0.7937657,0.79379696,0.7885232,0.7938082,0.7908891,0.7937149,0.7908335,0.7908433,0.7937891,0.79386145,0.7937254
0.79099405,0.79623544,0.7963214,0.79634565,0.7909847,0.79639286,0.7934706,0.79626626,0.7933864,0.79342085,0.7963247,0.79636556,0.79625
0.79360956,0.7988961,0.79900527,0.79902357,0.7936283,0.79906094,0.7960533,0.7989533,0.7959824,0.7960571,0.7989604,0.799031,0.798927
0.79625523,0.80164605,0.80171907,0.80174696,0.7962492,0.8018282,0.79880124,0.80168086,0.7987167,0.79875886,0.80175126,0.8017808,0.8016903
0.7984765,0.8039143,0.80401057,0.80402774,0.79847795,0.8040701,0.80105656,0.80396724,0.80096084,0.8010296,0.80401313,0.80404884,0.8039553
0.8002053,0.8056662,0.8057647,0.80582255,0.8002392,0.80581206,0.80275875,0.80571514,0.802699,0.80274904,0.80575675,0.8058041,0.80571276
0.8016766,0.80711174,0.80721605,0.8072331,0.8016349,0.8072961,0.80423456,0.80718505,0.80416495,0.8041997,0.80720127,0.8072494,0.8071693
0.803356,0.80890554,0.80897397,0.8090092,0.8033748,0.8090616,0.8059987,0.8089204,0.8058831,0.80594367,0.80897546,0.80901384,0.80892026
0.8041964,0.8097643,0.8098503,0.8099154,0.804226,0.80993056,0.8068521,0.809817,0.8067603,0.8068183,0.8098643,0.8098861,0.8098001
0.8047767,0.81030846,0.81041133,0.8104409,0.80474985,0.81047225,0.8073845,0.8103639,0.8073386,0.80736417,0.8103966,0.81041294,0.810352
0.8053777,0.81092733,0.81103224,0.8110847,0.80542076,0.8110997,0.8080311,0.81097776,0.80793554,0.8079845,0.811058,0.81106967,0.81099886
0.8065892,0.81214243,0.8122481,0.81230766,0.80659574,0.8123191,0.80924183,0.81222343,0.80913794,0.8091644,0.8122438,0.8123025,0.81222755
0.8083639,0.8139456,0.8140583,0.8140874,0.8083385,0.81414783,0.8109972,0.81398666,0.8109273,0.811006,0.8140498,0.81410635,0.8139715
0.80961955,0.81520075,0.81535935,0.8153804,0.8096435,0.8154218,0.81232625,0.8153097,0.81221825,0.81228936,0.815374,0.81540394,0.8153273
0.81174904,0.81746,0.81753397,0.8175747,0.8117794,0.8175899,0.8144709,0.81748646,0.81443214,0.8144571,0.8175648,0.8176144,0.8175321
0.8136106,0.8193611,0.8194582,0.8194785,0.8136112,0.81950724,0.8163561,0.81938326,0.8162995,0.8163443,0.8194528,0.81947887,0.8194339
0.815816,0.82164335,0.82172006,0.82175803,0.81581944,0.8218041,0.8186093,0.8216825,0.8185562,0.8185701,0.8217576,0.8217497,0.8217068
0.81763005,0.8234464,0.8235969,0.82360923,0.81763303,0.8236386,0.8204181,0.8235112,0.8203541,0.8204237,0.8235864,0.8236186,0.8235272
0.81967,0.8255256,0.82564884,0.825713,0.81965995,0.8257188,0.8224788,0.82559365,0.8223959,0.8224784,0.82565016,0.82566464,0.82560515
0.8216164,0.8275433,0.8276573,0.8277097,0.8216178,0.8277559,0.82446223,0.8276333,0.8243876,0.82446045,0.8276647,0.82771367,0.8276515
0.8234055,0.82938606,0.82954204,0.8295745,0.8234155,0.8295719,0.8262964,0.82946104,0.82621485,0.82628566,0.8295374,0.829554,0.82951176
0.8252487,0.83128726,0.8314338,0.8314738,0.82525945,0.8314681,0.8282137,0.8313545,0.8281042,0.8281692,0.8314336,0.8314786,0.831367
0.826892,0.8329753,0.83309394,0.83316827,0.82690686,0.8331915,0.829868,0.8330224,0.8297768,0.82983845,0.8331403,0.8331744,0.8330755
0.82714367,0.83323944,0.8333512,0.83341295,0.8271517,0.83341336,0.83012736,0.8333035,0.8300181,0.8300784,0.8333455,0.83340555,0.83329564
0.8267632,0.83286077,0.83295333,0.83300436,0.8267653,0.8330527,0.8297233,0.832887,0.8296612,0.8296993,0.8329881,0.8330278,0.8329565
0.8260989,0.83218527,0.8323039,0.83236355,0.8261295,0.83237725,0.82908785,0.8322115,0.8289833,0.8290672,0.8323329,0.8323627,0.83227
0.8262748,0.8323467,0.8324693,0.83251315,0.8262904,0.8325522,0.8292421,0.8324346,0.8291369,0.8291887,0.83246875,0.83253145,0.8324288
0.8256451,0.8317183,0.83182085,0.8318544,0.8256709,0.8319401,0.82857656,0.8317749,0.82853895,0.828544,0.83186084,0.83188033,0.83177656
0.825484,0.8315561,0.8316804,0.83170706,0.82549596,0.8317879,0.82842916,0.83164454,0.8283616,0.82838196,0.83171964,0.831719,0.83164585
0.82557166,0.8316249,0.83174604,0.83177674,0.8255771,0.83186644,0.8284968,0.8317123,0.82845664,0.82846475,0.831801,0.8318037,0.83169276
0.82561946,0.8316766,0.83179253,0.8318305,0.8256466,0.8319183,0.828559,0.8317555,0.8285039,0.8285249,0.8318546,0.8318671,0.831763
0.8264099,0.832489,0.83258414,0.8326437,0.8264342,0.83271295,0.8293752,0.8325689,0.82932544,0.8293278,0.83264923,0.8326772,0.83256286
0.8271163,0.8331644,0.8333272,0.8333712,0.8271054,0.833428,0.8300994,0.8332747,0.8299782,0.8300748,0.83334786,0.8334004,0.83329266
0.82716346,0.83325094,0.8334023,0.8334414,0.82719094,0.83348125,0.83016104,0.83333975,0.83004475,0.8301185,0.83342224,0.83345103,0.8333434
0.82699335,0.83304864,0.83316827,0.83323705,0.82699203,0.83326495,0.8299538,0.8330969,0.8298659,0.8299381,0.8332369,0.83328164,0.83314574
0.82719797,0.83324796,0.8334021,0.83344394,0.8272023,0.83349967,0.830184,0.8333414,0.83008003,0.8301377,0.83344376,0.83347064,0.83337235
0.8277084,0.83381337,0.8338996,0.8339525,0.8277177,0.83400506,0.8306533,0.83384347,0.8305988,0.83064824,0.8339558,0.83396775,0.83387804
0.82849157,0.83460397,0.8347426,0.8347895,0.82853144,0.8348172,0.83147687,0.83467853,0.8314453,0.83143204,0.83477825,0.8347848,0.83469456
0.82923096,0.83534616,0.83551097,0.8355497,0.8292633,0.8355883,0.8322416,0.83543926,0.83219606,0.83220154,0.8355328,0.83555907,0.8354546
0.8304513,0.83659357,0.83673054,0.8367503,0.8304727,0.83683074,0.8334435,0.8366734,0.8334108,0.83342767,0.8367693,0.83679825,0.83669376
0.83102703,0.8371532,0.83729005,0.83736616,0.831021,0.8374064,0.8340786,0.8372337,0.83398235,0.8339881,0.8373488,0.83740747,0.83728033
0.8313569,0.83751243,0.8376563,0.8376692,0.83137405,0.8377465,0.83434176,0.8376134,0.8343135,0.8343164,0.8377041,0.8376977,0.83760405
0.8316996,0.8378578,0.83798015,0.83804184,0.83171374,0.8380946,0.8347222,0.83796024,0.8346379,0.83468884,0.8380475,0.83803904,0.83794737
0.8318047,0.83798736,0.83810735,0.8381951,0.83184516,0.8382451,0.834861,0.8380865,0.8347682,0.83482033,0.8381506,0.8382006,0.8380813
0.8312932,0.8374332,0.8375677,0.83760595,0.8313021,0.8376494,0.8342578,0.837504,0.83422476,0.83424485,0.83761007,0.837628,0.83752704
0.83111614,0.8372658,0.83740324,0.83748245,0.8311365,0.8375096,0.83414894,0.83734035,0.83405906,0.83410895,0.83744127,0.8375034,0.83733743
0.8316495,0.8377692,0.83792156,0.8379569,0.83166295,0.83802855,0.8346489,0.8378788,0.8345851,0.83460957,0.83798504,0.83798236,0.83786297
0.8324978,0.8386462,0.8388019,0.83879024,0.83253694,0.83889663,0.83550465,0.8387333,0.83544564,0.83544964,0.8388399,0.838838,0.8387315
0.83347166,0.8396186,0.8397878,0.8398122,0.83349717,0.83988696,0.83648485,0.83971655,0.83640736,0.8364588,0.83984727,0.8398405,0.83973014
0.8347757,0.8409779,0.8411439,0.8411955,0.8347802,0.8412152,0.83782566,0.8410613,0.8377792,0.8377919,0.8411749,0.8412061,0.8410861
0.836368,0.84260684,0.84277284,0.84283715,0.83638996,0.8428771,0.8394528,0.84270436,0.839402,0.8394067,0.8428306,0.84284586,0.8427116
0.83788896,0.8441826,0.84431624,0.84437907,0.8379232,0.8444213,0.8409766,0.8442843,0.8408988,0.84096235,0.84437746,0.8443902,0.84426725
0.840044,0.84640795,0.8465464,0.84659904,0.84008807,0.8466417,0.84321296,0.84648794,0.8431344,0.8431677,0.84658015,0.8466223,0.84649724
0.84227794,0.84865487,0.8488325,0.8488777,0.8422996,0.8489408,0.84545475,0.8487521,0.84536827,0.84541035,0.8488719,0.84885806,0.8487852
0.8444904,0.8509398,0.8511009,0.85114497,0.8444974,0.85113525,0.84767014,0.851019,0.84760743,0.84763587,0.85114926,0.85115266,0.85103744
0.8468579,0.8533811,0.8535365,0.8535709,0.8468919,0.8536012,0.8500969,0.85347295,0.8500352,0.85007846,0.85357404,0.85359955,0.8534905
0.84848636,0.8550329,0.8551908,0.85523725,0.8484995,0.85528594,0.8517365,0.85512286,0.85168064,0.8516925,0.85525835,0.8552578,0.8551434
0.8501488,0.8567418,0.8568715,0.85693055,0.85017425,0.85698396,0.8534207,0.85682946,0.85335827,0.85338557,0.8569244,0.8569486,0.85685056
0.85214454,0.85872376,0.85889584,0.85895485,0.8521647,0.8589683,0.85543174,0.858813,0.85535294,0.85536253,0.858929,0.8589648,0.8588448
0.8537401,0.86037093,0.86052096,0.86057454,0.8537666,0.86060977,0.8570554,0.86048216,0.85697615,0.8570076,0.860573,0.8605969,0.8604943
0.8553156,0.8620166,0.86215025,0.86217064,0.8553798,0.862242,0.85866416,0.86209387,0.8586023,0.85862,0.8622047,0.8622151,0.86212915
0.85693,0.863649,0.8637792,0.86381716,0.8569281,0.8638727,0.8602848,0.8637152,0.86020297,0.8602542,0.86383796,0.8638322,0.8637313
0.85861045,0.865366,0.8655111,0.8655736,0.8586273,0.8655902,0.86199474,0.86547005,0.8619471,0.8619739,0.86557394,0.86560035,0.86545163
0.86024183,0.8670255,0.86718386,0.8672288,0.86027527,0.8672661,0.86365265,0.86711144,0.8636073,0.86360455,0.8672233,0.86723864,0.86711633
0.86251086,0.86934733,0.8694995,0.86953235,0.8625356,0.86955965,0.8659475,0.8693884,0.86586326,0.86589277,0.86953163,0.8695463,0.8694168
0.8650461,0.87189245,0.8720342,0.8721178,0.86505985,0.8721372,0.8684877,0.8719878,0.86839366,0.86841315,0.8720871,0.87210363,0.87200636
0.86778057,0.8746769,0.8748379,0.87488455,0.8677955,0.8749295,0.87127256,0.8747589,0.87122643,0.87120354,0.87488717,0.87493634,0.8747909
0.87012583,0.8770846,0.877234,0.8773058,0.87015766,0.8773034,0.873633,0.8771543,0.8735651,0.8735695,0.87728614,0.87729216,0.8771771
0.8723599,0.8793476,0.8794982,0.87956965,0.872402,0.8795806,0.8758922,0.87946147,0.87583256,0.8758477,0.87956554,0.8795701,0.8794447
0.87470883,0.88173705,0.8818977,0.8819366,0.87473106,0.88197064,0.8782553,0.8818212,0.878197,0.87820286,0.88196766,0.8819598,0.88183594
0.8769561,0.8839842,0.8841495,0.88421315,0.87696457,0.8842389,0.8805326,0.8841072,0.88044226,0.8804544,0.88421464,0.88423216,0.88410914
0.87926155,0.8863453,0.88646567,0.88655835,0.8792783,0.88656896,0.88285506,0.88644797,0.88278836,0.8828111,0.8865543,0.88656396,0.88646054
0.881141,0.88826185,0.8884034,0.88846993,0.88117164,0.8884867,0.8847747,0.8883745,0.88472223,0.88470817,0.8884707,0.8885041,0.8883904
0.88329977,0.89043045,0.89059246,0.89066064,0.88333064,0.89066905,0.88694793,0.89052486,0.8868911,0.8868955,0.8906443,0.89066905,0.89054036
0.88555765,0.89269626,0.89284945,0.8929,0.88556045,0.89291275,0.88919795,0.89278996,0.88914865,0.8891261,0.89291036,0.89291227,0.8928124
0.88758403,0.89477664,0.8949006,0.8949982,0.88759464,0.8950016,0.8912658,0.89487743,0.89121854,0.89119387,0.89498836,0.8950061,0.8948953
0.8893143,0.89649975,0.89666265,0.8967082,0.88933796,0.8967492,0.89300174,0.8966102,0.8929346,0.8929302,0.8967276,0.8967298,0.8966309
0.890479,0.8976857,0.897828,0.89786816,0.890496,0.8979176,0.89418274,0.8977906,0.89411515,0.89410925,0.89787525,0.8979021,0.89779407
0.8917548,0.8989524,0.8990721,0.8991386,0.8917694,0.899161,0.89544225,0.8990346,0.89537144,0.8953776,0.89912397,0.8991565,0.89904535
0.8931882,0.90039545,0.9005238,0.9006001,0.8931932,0.9006083,0.8968905,0.90048814,0.89683765,0.89683276,0.90057826,0.9006053,0.90049314
0.89458025,0.9017661,0.90193707,0.90198827,0.89459103,0.9020211,0.8982887,0.90186626,0.8982333,0.8982214,0.90200466,0.90200734,0.9018971
0.8957118,0.90291,0.9030372,0.9030977,0.89573467,0.9031294,0.89940554,0.9029683,0.89935213,0.8993453,0.903083,0.90310985,0.90301144
0.89650124,0.90370315,0.90385795,0.9038988,0.89653367,0.9039334,0.90020335,0.90378267,0.90015745,0.9001312,0.90389115,0.9039108,0.90381896
0.8969653,0.9041166,0.9042498,0.9043191,0.896974,0.904355,0.9006233,0.9041954,0.90058124,0.90058935,0.90430117,0.90432155,0.9042083
0.89734286,0.9045157,0.9046657,0.9047156,0.8973804,0.90473294,0.9010133,0.9046202,0.90095925,0.9009537,0.90468496,0.9047254,0.9046249
0.89781386,0.9049713,0.9051362,0.90518886,0.89782935,0.9051956,0.90150213,0.9050419,0.9014399,0.90143985,0.90514505,0.9052001,0.9050943
0.8982673,0.905388,0.9055423,0.905608,0.898279,0.9056286,0.90193105,0.9054783,0.9019002,0.9018791,0.90557915,0.9056256,0.9055253
0.8986202,0.9057872,0.905928,0.905995,0.8986541,0.90599316,0.9022969,0.90587234,0.90226775,0.902244,0.9059689,0.90598655,0.90590775
0.89934415,0.90649927,0.90664405,0.9066976,0.89937365,0.9067099,0.90301746,0.9065658,0.902969,0.90295917,0.9066698,0.90669346,0.90660346
0.9001462,0.907266,0.90741795,0.90748656,0.9001632,0.90749174,0.9038003,0.9073528,0.90375775,0.90373796,0.9074316,0.9075029,0.9073914
0.90074575,0.9078671,0.908018,0.9080848,0.90076566,0.90810704,0.9044169,0.9079486,0.90436,0.9043585,0.90804476,0.90809554,0.9080054
0.90138745,0.9085163,0.90864986,0.9087212,0.90140516,0.90874827,0.90505403,0.90859425,0.905013,0.90499306,0.90871716,0.9087385,0.9086473
0.90201706,0.90912706,0.9092793,0.90933704,0.9020354,0.9093691,0.90568006,0.90921926,0.90562063,0.90561163,0.90933067,0.90937334,0.9092687
0.9025738,0.90966,0.9098128,0.9098861,0.90258074,0.9099002,0.9062163,0.9097541,0.9061805,0.9061438,0.909853,0.9098998,0.90977603
0.90307885,0.91018605,0.91032207,0.91037583,0.9030867,0.91039896,0.90671784,0.91026914,0.9066797,0.9066585,0.91035634,0.9103958,0.9102906
0.9037928,0.91086733,0.91102105,0.9110987,0.9038131,0.91110367,0.9074207,0.91096365,0.90739805,0.9073662,0.9110461,0.91109306,0.9109929
0.904473,0.91150445,0.9116989,0.91175956,0.9044747,0.91176695,0.90808314,0.91160893,0.9080562,0.9080349,0.9117173,0.91176003,0.9116546
0.90535015,0.9124495,0.9125975,0.9126601,0.905388,0.9126865,0.9090162,0.9125336,0.90896225,0.90894264,0.9126356,0.91267127,0.9125555
0.9059811,0.91307986,0.9132167,0.9133064,0.9060143,0.91330653,0.90965873,0.91316116,0.9095884,0.9095798,0.9132595,0.9133121,0.9131841
0.90655214,0.91363066,0.9137732,0.9138602,0.9065727,0.9138634,0.9101844,0.9137177,0.9101462,0.9101251,0.9138183,0.913859,0.91374636
0.9069947,0.9140532,0.9142377,0.9142942,0.9070187,0.91432595,0.9106382,0.91413766,0.9106048,0.9105831,0.914263,0.9143099,0.9141807
0.9071991,0.91425043,0.9144167,0.9144981,0.90723246,0.9144929,0.9108427,0.91436154,0.9107992,0.9107694,0.914464,0.9144902,0.9143863
0.9073439,0.9143806,0.91457766,0.9146221,0.9073656,0.91461307,0.91098714,0.91448146,0.91093963,0.9109179,0.9145831,0.91462034,0.9145228
0.9070274,0.91405815,0.9142572,0.9143157,0.9070705,0.91430306,0.91066974,0.91413945,0.9106442,0.91060925,0.9142657,0.91431195,0.9142042
0.90660447,0.9136063,0.9137976,0.9138595,0.90663445,0.9138586,0.9102157,0.9136692,0.9101776,0.9101609,0.9138137,0.91385007,0.9137494
0.90603405,0.9130425,0.9132113,0.9132688,0.9060599,0.9132709,0.90965855,0.9131193,0.9096294,0.9095967,0.9132396,0.9132577,0.9131726
0.90550715,0.912471,0.91265965,0.9127208,0.90553564,0.9127202,0.9090981,0.91256154,0.9090856,0.90904766,0.9126701,0.91270393,0.9126228
0.9051061,0.9120636,0.912233,0.9123179,0.9051546,0.91230845,0.9087209,0.9121473,0.9086658,0.90864027,0.9122668,0.9122951,0.912205
0.90494025,0.91187054,0.9120693,0.91213495,0.90495265,0.9121282,0.90854263,0.9119559,0.9085054,0.9084898,0.9120966,0.9121335,0.91203225
0.9047995,0.91173357,0.91190684,0.91197187,0.90482,0.91196215,0.90836054,0.9118098,0.90834993,0.9083229,0.91191804,0.9119546,0.91188097
0.9047484,0.91167223,0.9118281,0.9119139,0.90474856,0.91188323,0.9083107,0.91172934,0.90827733,0.9082325,0.9118509,0.9118889,0.91178924
0.9045938,0.91149384,0.91168433,0.9117516,0.9046272,0.9117481,0.90817654,0.9115708,0.9081507,0.90812546,0.9116987,0.9117509,0.91166043
0.9045322,0.9114034,0.9116251,0.9116908,0.9045752,0.9116881,0.9081044,0.911507,0.90808827,0.90806556,0.91162866,0.91168374,0.9115685
0.9040146,0.9108702,0.9110817,0.9111482,0.9040289,0.91112256,0.9075606,0.91095525,0.9075349,0.907523,0.91106665,0.91112673,0.9110067
0.9036203,0.910454,0.9106663,0.9107264,0.90363985,0.9107085,0.9071587,0.91056013,0.9071312,0.90710133,0.9106891,0.9107267,0.91062725
0.9031919,0.91002524,0.9102182,0.9103045,0.90321386,0.9102773,0.90674037,0.91011184,0.9067248,0.90667695,0.91024417,0.91027695,0.91020435
0.9032971,0.91015524,0.9103688,0.9104289,0.90333515,0.9104097,0.9068579,0.9102301,0.906819,0.9068205,0.91035664,0.910393,0.91031796
0.90378803,0.91064525,0.9108198,0.910904,0.90381354,0.91087127,0.90734464,0.910705,0.9073207,0.907282,0.91084445,0.91087174,0.9107865
0.9044893,0.9113422,0.91153455,0.91160285,0.90450567,0.9115727,0.9080416,0.9114335,0.90801376,0.90799046,0.9115455,0.9115874,0.91149044
0.90540636,0.91227067,0.9124478,0.9125396,0.9054442,0.912505,0.9089582,0.9123425,0.90893257,0.9089055,0.91245574,0.9124953,0.91240394
0.9060903,0.9129588,0.91314256,0.91320896,0.9061108,0.9131745,0.9096544,0.9130392,0.90961146,0.90959656,0.91314965,0.9131886,0.91309863
0.90672547,0.9135889,0.913803,0.9138486,0.9067606,0.9138388,0.910306,0.91367346,0.9102762,0.9102646,0.913799,0.9138192,0.9137467
0.9071129,0.9139518,0.91413176,0.9142264,0.9071366,0.91417104,0.91067183,0.9140302,0.91066045,0.9106119,0.9141544,0.9142003,0.9141078
0.90738946,0.91424245,0.91446674,0.91453373,0.9074256,0.9145087,0.9109906,0.91434103,0.91096157,0.9109331,0.91445273,0.9145001,0.91441894
0.90761733,0.9144737,0.91466385,0.9147516,0.90764934,0.91468656,0.9111892,0.91455996,0.91117364,0.9111274,0.91465485,0.9147095,0.91462964
0.9078144,0.9146377,0.91485995,0.9149233,0.90782803,0.9149017,0.9113612,0.9147384,0.91135824,0.911338,0.9148758,0.91490257,0.91480356
0.90852773,0.9153543,0.91559416,0.9156517,0.9085373,0.91561407,0.91209203,0.9154621,0.91207623,0.9120459,0.9155765,0.9156197,0.9155368
0.9092636,0.91610914,0.91631746,0.91639936,0.90930223,0.9163559,0.91284347,0.9161919,0.9128258,0.91279185,0.9163218,0.9163605,0.9162794
0.90987676,0.91673404,0.91693026,0.91701865,0.90989643,0.91696906,0.9134577,0.9168207,0.9134464,0.913401,0.9169484,0.9169804,0.91688067
0.91064554,0.9174804,0.9176882,0.91776764,0.9106636,0.917737,0.91420966,0.91756725,0.9142037,0.91417724,0.91770214,0.9177174,0.9176674
0.911623,0.9184457,0.91866386,0.9187385,0.911652,0.91871434,0.91519123,0.91853386,0.9151577,0.9151469,0.91866326,0.9187133,0.9186146
0.91278994,0.9196095,0.9198367,0.91989136,0.91280216,0.91985434,0.9163471,0.9197064,0.9163284,0.9163043,0.919824,0.9198466,0.9197905
0.91389924,0.92074627,0.92093223,0.9210231,0.91391027,0.92096096,0.91746294,0.920833,0.91744673,0.9173958,0.9209382,0.9209715,0.92089826
0.9146059,0.92143774,0.92168105,0.9217276,0.9146264,0.9216783,0.91820943,0.92153096,0.91817254,0.91813433,0.92166805,0.92168444,0.9216186
0.91560966,0.92242616,0.9226603,0.92271554,0.91560715,0.9226592,0.91918385,0.92252415,0.9191571,0.9191072,0.92265666,0.9226665,0.9226078
0.91649115,0.923356,0.92358375,0.9236248,0.91654664,0.92357445,0.9201123,0.92345625,0.92007965,0.9200443,0.9235865,0.9235947,0.923539
0.9177464,0.9245741,0.9248023,0.924879,0.9177806,0.9248079,0.92132723,0.9246918,0.9213241,0.92130446,0.9247966,0.92482924,0.9247624
0.91858107,0.92540455,0.92562634,0.9256925,0.9185891,0.92564553,0.9221634,0.92548573,0.9221386,0.922094,0.9256193,0.9256358,0.9255794
0.9194455,0.92630523,0.9265106,0.9265887,0.91948247,0.92652774,0.92305386,0.9263914,0.92302763,0.9229999,0.92651916,0.92653346,0.9264907
0.9203569,0.92720294,0.92741686,0.92747635,0.92039007,0.92743623,0.9239529,0.9272877,0.92392665,0.923909,0.92742693,0.92742497,0.92737883
0.921545,0.9283614,0.9285687,0.92866963,0.9215588,0.9285791,0.9251153,0.9284454,0.9251089,0.92506033,0.92858094,0.92858076,0.92854846
0.9226251,0.9294634,0.9296634,0.92973256,0.922638,0.92967963,0.92621994,0.9295258,0.9261897,0.9261517,0.9296638,0.92969304,0.9296278
0.92372775,0.9305399,0.9307545,0.9308388,0.92375827,0.930774,0.927319,0.93064946,0.9272965,0.92724925,0.93076634,0.9307779,0.9307179
0.9248374,0.9316534,0.93185407,0.93192476,0.92487836,0.93187207,0.9284466,0.93174183,0.9284216,0.9283736,0.93186337,0.93189037,0.93183523
0.92584485,0.9326545,0.93285996,0.9329283,0.9258643,0.93285984,0.9294369,0.93274236,0.9294189,0.92937297,0.9328661,0.9328828,0.9328308
0.926771,0.9335687,0.9337647,0.93383384,0.92679274,0.9337712,0.9303529,0.93364966,0.9303297,0.9303123,0.93378294,0.9337883,0.9337503
0.9275249,0.9343396,0.93452066,0.93460065,0.92754483,0.93452996,0.93112165,0.9344216,0.9310977,0.9310493,0.934536,0.93453985,0.9345014
0.9280191,0.93481666,0.935004,0.9350999,0.9280486,0.93503773,0.9316238,0.9349011,0.93160206,0.9315721,0.93503463,0.93503684,0.9350067
0.92852145,0.93529034,0.9354796,0.93556565,0.9285405,0.9355091,0.93210495,0.93537515,0.9320797,0.93204343,0.9355142,0.93551934,0.93548113
0.9290757,0.9358475,0.9360334,0.9361328,0.9290995,0.9360609,0.9326548,0.93593884,0.9326459,0.932591,0.9360587,0.9360709,0.9360089
0.92974466,0.93649614,0.9366974,0.9367743,0.9297636,0.9367006,0.93331075,0.93657905,0.93329275,0.9332555,0.9367013,0.9367187,0.93667734
0.9303872,0.9371411,0.9373421,0.9374024,0.93041885,0.9373518,0.93396217,0.93721527,0.93394375,0.9339055,0.93735653,0.93735445,0.93732345
0.93117714,0.9379128,0.9380906,0.93816876,0.9312001,0.93810743,0.9347432,0.93799645,0.9347274,0.9346617,0.93812,0.93812054,0.9380724
0.93179876,0.9385206,0.93870443,0.93878406,0.9318082,0.93872964,0.93534917,0.9385942,0.9353476,0.93530643,0.93874013,0.93874276,0.9386876
0.9322248,0.93892986,0.93910635,0.93918955,0.9322427,0.9391344,0.93576777,0.939004,0.9357563,0.9357202,0.9391477,0.9391486,0.9390948
0.93230873,0.9390138,0.9392134,0.9392793,0.932328,0.9392234,0.9358584,0.9390997,0.9358418,0.9358084,0.93924004,0.93923265,0.9391923
0.9323999,0.9391118,0.9393005,0.93938094,0.9324368,0.9393207,0.93595606,0.9391989,0.93594843,0.9358976,0.9393333,0.93932414,0.9392889
0.9327973,0.9394805,0.9396795,0.93976057,0.93282586,0.9397021,0.936345,0.9395717,0.9363339,0.9362823,0.9397115,0.93971115,0.9396655
0.93319464,0.93987423,0.9400766,0.94015265,0.93323356,0.94009495,0.93675286,0.9399533,0.9367351,0.9366713,0.940099,0.940104,0.94005597
0.9336942,0.9403698,0.9405507,0.94062966,0.9337163,0.94056654,0.93723065,0.9404528,0.93721664,0.93717515,0.9405818,0.9405956,0.9405493
0.93402755,0.9406918,0.94087964,0.9409649,0.93405044,0.9409095,0.9375928,0.940799,0.9375628,0.9375154,0.94091254,0.94094557,0.94088435
0.9341888,0.94085336,0.94103026,0.9411019,0.9342126,0.9410548,0.93771833,0.94093406,0.9376981,0.9376668,0.94107944,0.9410685,0.9410293
0.93429166,0.940951,0.94112897,0.94120824,0.93432343,0.9411539,0.93780065,0.94101346,0.9377958,0.9377676,0.94115937,0.9411465,0.9411131
0.93451244,0.94115716,0.94133013,0.94141626,0.934529,0.94136447,0.9380567,0.9412486,0.93803096,0.9379742,0.94139075,0.941388,0.9413386
0.934788,0.94139826,0.9416024,0.9416723,0.93482435,0.94162196,0.93830496,0.9414971,0.9382805,0.9382467,0.94163054,0.94163126,0.9415913
0.93509287,0.94171715,0.94190013,0.94197947,0.93512136,0.94192356,0.93860507,0.94180316,0.93859726,0.9385545,0.94194,0.94193846,0.9418917
0.9355912,0.9421849,0.9423639,0.9424357,0.9356056,0.9423912,0.9390968,0.94227904,0.93906873,0.93902755,0.94240075,0.9424174,0.9423639
0.9360326,0.942615,0.94279754,0.9428804,0.93605983,0.942827,0.93954885,0.94271576,0.93952024,0.93946934,0.9428392,0.9428519,0.9428019
0.9363816,0.942953,0.9431307,0.94320345,0.93640375,0.94317025,0.93988067,0.9430465,0.939857,0.939818,0.94317895,0.9431938,0.9431484
0.93687916,0.94342715,0.9436133,0.9437011,0.93690175,0.9436424,0.94037354,0.9435074,0.9403476,0.94030106,0.9436467,0.9436557,0.9436134
0.9375602,0.94411033,0.9442928,0.94435954,0.9375927,0.9443384,0.9410566,0.9441831,0.9410347,0.94099677,0.94433725,0.944335,0.94429713
0.93813586,0.94465405,0.94483477,0.94491494,0.9381707,0.94487077,0.9416206,0.9447387,0.94160044,0.9415623,0.9448824,0.9449028,0.94485086
0.9384605,0.9449736,0.9451448,0.9452304,0.9384791,0.9451905,0.941934,0.9450593,0.9419153,0.9418643,0.94519186,0.94520473,0.9451511
0.93845373,0.94497275,0.94514775,0.9452304,0.938482,0.9451912,0.9419393,0.94505835,0.94191855,0.94186676,0.9451944,0.9452051,0.9451515
0.93859625,0.945102,0.94528157,0.9453529,0.9386316,0.94530904,0.94207585,0.9451745,0.94204813,0.942005,0.9453238,0.9453311,0.9452951
0.9387105,0.9451971,0.9453728,0.9454717,0.93872255,0.94542897,0.94216835,0.9452877,0.9421602,0.9421242,0.9454276,0.9454325,0.94539076
0.93880796,0.9452906,0.9454828,0.94556814,0.9388395,0.9455217,0.94227684,0.94538605,0.9422565,0.9422175,0.94552714,0.94553643,0.945494
0.9386801,0.94516546,0.94534665,0.9454292,0.9387024,0.94538575,0.9421444,0.94524574,0.9421217,0.94208705,0.9453853,0.9453958,0.94536495
0.9386766,0.9451472,0.94532937,0.94541377,0.9386955,0.94537497,0.94213563,0.94522655,0.9421077,0.94207096,0.9453817,0.94538254,0.9453462
0.9384703,0.9449491,0.9451399,0.94523597,0.93850505,0.9451866,0.94194233,0.9450383,0.94191605,0.94187605,0.9451916,0.94519365,0.9451365
0.9384236,0.94491154,0.9451089,0.9451996,0.9384656,0.945155,0.9419001,0.9450126,0.9418848,0.9418458,0.9451519,0.94516706,0.94511145
0.93854016,0.9450083,0.94520634,0.9452931,0.93857163,0.94525105,0.9420164,0.9451023,0.94199896,0.94193673,0.94524735,0.9452606,0.9452091
0.93854624,0.9450101,0.9452105,0.94529456,0.9385813,0.9452529,0.9420221,0.9451128,0.9420089,0.9419434,0.9452548,0.9452636,0.9452124
0.938682,0.9451517,0.94533235,0.9454073,0.9387097,0.94536966,0.94213957,0.9452311,0.9421187,0.942082,0.94537914,0.9453863,0.94535166
0.9386768,0.9451315,0.9453233,0.9453931,0.93869925,0.9453513,0.9421261,0.9452138,0.94210297,0.942064,0.9453606,0.94537485,0.9453279
0.9386704,0.94511575,0.94529986,0.945387,0.93869096,0.94534314,0.94211096,0.94520295,0.9420955,0.9420517,0.9453558,0.9453629,0.94531757
0.93867266,0.9451125,0.94530094,0.9453848,0.93869466,0.94534045,0.9421109,0.9451986,0.9420925,0.94205153,0.94535536,0.9453452,0.94532216
0.9387922,0.9452487,0.9454289,0.9455282,0.93881154,0.94547695,0.9422477,0.94533724,0.94223005,0.9421912,0.9454856,0.9454905,0.9454475
0.93883026,0.94527644,0.9454645,0.9455673,0.9388447,0.94551617,0.94228303,0.9453686,0.9422621,0.9422368,0.94551784,0.9455216,0.9454908
0.9388428,0.94528514,0.94547266,0.94557923,0.9388553,0.94552076,0.9422934,0.94537336,0.94227165,0.9422444,0.94552386,0.9455252,0.94549453
0.9387203,0.94516224,0.94535315,0.9454341,0.93874025,0.94539267,0.9421726,0.94524896,0.9421419,0.9421131,0.9454176,0.94541436,0.9453663
0.938819,0.9452631,0.9454506,0.9455524,0.93883383,0.94549996,0.9422744,0.9453533,0.94225514,0.94222885,0.94550824,0.94550574,0.9454775
0.9387942,0.9452486,0.9454276,0.94551915,0.9388124,0.94547874,0.94224983,0.9453201,0.94223195,0.9421961,0.9454886,0.94548464,0.94544953
0.93872154,0.94516504,0.94535524,0.9454389,0.9387432,0.94539076,0.94217455,0.9452463,0.942144,0.9421157,0.9454223,0.9454069,0.9453713
0.9389492,0.945397,0.9455972,0.9456801,0.9389886,0.94563574,0.94241506,0.94548565,0.9423957,0.9423433,0.9456509,0.9456496,0.94560325
0.93934613,0.9457744,0.94597846,0.9460541,0.9393837,0.9460157,0.9427811,0.9458605,0.94276404,0.9427402,0.94602716,0.9460302,0.94600046
0.93971485,0.94612443,0.9463315,0.9464134,0.9397379,0.94637424,0.9431484,0.94621545,0.943129,0.9430954,0.94637114,0.94638544,0.9463567
0.94009966,0.9464938,0.9466898,0.94678426,0.94012326,0.9467368,0.9435317,0.94659054,0.94351053,0.9434764,0.94676226,0.9467586,0.9467225
0.94051945,0.9469291,0.947113,0.9471993,0.94056547,0.94716823,0.94395757,0.94700766,0.9439382,0.9438988,0.94718695,0.94717884,0.9471397
0.94064486,0.9470421,0.94724154,0.9473296,0.9406724,0.9472747,0.9440835,0.9471318,0.9440593,0.9440085,0.9472813,0.9472708,0.94725555
0.9404891,0.94689155,0.9470703,0.9471733,0.9405119,0.9471282,0.94392693,0.94698435,0.94389784,0.94386715,0.9471477,0.9471477,0.9471085
0.94012356,0.9465312,0.94672346,0.9468161,0.94016236,0.9467817,0.94357157,0.94662625,0.9435412,0.9435147,0.94679207,0.9467906,0.94675106
0.9394857,0.945929,0.9461074,0.94619817,0.93951404,0.9461537,0.9429443,0.94599706,0.9429143,0.942885,0.946164,0.9461506,0.946112
0.9387816,0.9452349,0.9454116,0.94551104,0.9387947,0.94546556,0.94223404,0.9453039,0.94221574,0.942175,0.94548047,0.94547117,0.94544196
0.93816954,0.94462913,0.9448231,0.94492227,0.9382116,0.9448819,0.9416444,0.9447114,0.941608,0.9415778,0.9448879,0.94487065,0.9448536
0.93764144,0.9441197,0.9443266,0.9444134,0.9376738,0.94436634,0.9411126,0.94421446,0.94108844,0.9410577,0.9443818,0.9443727,0.944347
0.9373202,0.94380885,0.94400406,0.94408876,0.9373531,0.9440555,0.9407953,0.9439007,0.940776,0.94073224,0.9440732,0.94404966,0.944024
0.93681806,0.9433233,0.9435188,0.9436084,0.9368455,0.9435615,0.9403084,0.94339544,0.94028556,0.94024885,0.9435906,0.94357127,0.9435385
0.93640655,0.94292045,0.9431248,0.9432103,0.9364429,0.94316864,0.93991005,0.94298977,0.9398655,0.9398495,0.94317853,0.9431675,0.94314414
0.93611115,0.9426298,0.9428319,0.9429086,0.9361453,0.9428726,0.93960863,0.9427098,0.9395726,0.93954813,0.9428981,0.94289035,0.94284743
0.93586695,0.9423756,0.9425793,0.9426756,0.93589973,0.94262964,0.9393558,0.9424769,0.9393196,0.93928826,0.942653,0.94263387,0.9425974
0.9357009,0.9422131,0.94242394,0.9425042,0.9357295,0.9424641,0.9391762,0.9422911,0.9391459,0.9391373,0.9424826,0.9424684,0.94242775
0.9355457,0.94205683,0.9422533,0.9423601,0.93557626,0.94232106,0.93903655,0.9421461,0.9390018,0.93897444,0.9423327,0.9423122,0.9422694
0.9354878,0.94200647,0.9422163,0.94229525,0.9355245,0.94226134,0.9389875,0.9420914,0.9389363,0.93892443,0.94227904,0.9422587,0.9422239
0.9354494,0.9419629,0.9421707,0.94223934,0.93547416,0.9422026,0.9389302,0.94205266,0.9388961,0.93886703,0.9422298,0.94220704,0.942171
0.9355764,0.94207895,0.9422804,0.9423856,0.9355996,0.9423435,0.9390642,0.9421673,0.93902415,0.9389937,0.94235164,0.9423332,0.9422916
0.9357065,0.9422047,0.94242764,0.94252676,0.93573666,0.9424659,0.93919414,0.94228685,0.9391513,0.93914735,0.9424805,0.9424632,0.94243795
0.93580556,0.9422945,0.9425115,0.94258744,0.93584245,0.94253683,0.9392881,0.9423747,0.9392336,0.93922305,0.942561,0.9425547,0.9425139
0.93592274,0.94240403,0.94261384,0.9427058,0.9359401,0.94265676,0.9393929,0.94249725,0.9393409,0.9393276,0.94268394,0.9426511,0.9426216
0.9358729,0.94235027,0.9425682,0.94264996,0.93589807,0.9425979,0.9393499,0.94244325,0.9392995,0.9392844,0.9426309,0.94260705,0.9425619
0.9358946,0.94237417,0.94259274,0.94268036,0.9359197,0.94262683,0.93936634,0.94246644,0.9393237,0.939307,0.9426471,0.942634,0.9425898
0.9359901,0.9424583,0.94267815,0.9427847,0.93601274,0.9427242,0.93945724,0.9425506,0.93940544,0.9393882,0.94273555,0.9427064,0.9426739
0.9359294,0.9423942,0.94261914,0.94270295,0.93594843,0.9426527,0.93940085,0.9424785,0.9393474,0.9393316,0.94267845,0.9426528,0.9426207
0.9360213,0.9424929,0.9427128,0.9428237,0.9360454,0.942762,0.9394908,0.94258565,0.9394588,0.939431,0.9427758,0.94275147,0.94269943
0.9360851,0.9425486,0.94277275,0.94287217,0.93611795,0.9428182,0.9395605,0.94264275,0.9395128,0.9395091,0.9428331,0.9428129,0.94276255
0.9362509,0.9427154,0.94293404,0.9430252,0.93629545,0.9429625,0.9397175,0.9427876,0.9396755,0.93966067,0.94300485,0.9429634,0.942935
0.93636423,0.9428143,0.9430392,0.94313353,0.9363957,0.9430833,0.93982685,0.94290084,0.93977857,0.93975925,0.9431079,0.9430826,0.94303614
0.9361615,0.9426242,0.94284254,0.94293773,0.9362015,0.9428751,0.93963253,0.9427011,0.9395847,0.93957615,0.94289887,0.9428703,0.9428443
0.9359839,0.9424332,0.9426568,0.94273865,0.93601036,0.94269806,0.9394428,0.94251186,0.9393936,0.9393823,0.9427192,0.94269496,0.9426655
0.9358176,0.94227594,0.9424969,0.94259065,0.9358615,0.94252986,0.93927324,0.94235176,0.9392399,0.9392177,0.9425555,0.94253176,0.94248486
0.93555945,0.9420051,0.9422317,0.94232213,0.9355914,0.9422657,0.9390188,0.94208485,0.9389779,0.93895656,0.9422968,0.9422584,0.94224113
0.9353315,0.9417813,0.94201356,0.94210863,0.9353657,0.9420694,0.9388049,0.9418785,0.93876344,0.9387333,0.9420693,0.94205165,0.9420162
0.9352906,0.9417459,0.9419667,0.9420602,0.935317,0.94202495,0.9387689,0.9418306,0.93872696,0.9386976,0.9420301,0.9420128,0.9419743
0.93520546,0.9416577,0.94188863,0.9419655,0.9352273,0.9419135,0.93866616,0.94172865,0.93860817,0.9386062,0.9419307,0.94192016,0.9418721
0.93504393,0.9414732,0.9417053,0.94180405,0.9350742,0.94174844,0.938493,0.9415723,0.9384536,0.93844426,0.94176036,0.9417568,0.9417058
0.93510455,0.941525,0.94174796,0.94185925,0.935135,0.94180083,0.9385493,0.94162333,0.9385085,0.93849754,0.94181705,0.94179916,0.9417608
0.93509537,0.9415165,0.9417442,0.9418516,0.93513364,0.9417866,0.9385483,0.9416143,0.9385079,0.9384903,0.9418034,0.94179136,0.94174707
0.93496156,0.94141906,0.94163775,0.9417247,0.93500704,0.9416873,0.9384426,0.94150215,0.93839073,0.93837,0.94168866,0.94167906,0.94163686
0.9349629,0.9414159,0.9416353,0.9417132,0.9350036,0.94168353,0.9384426,0.94149727,0.9383878,0.93837184,0.9416907,0.9416737,0.9416298
0.9349549,0.9414044,0.9416188,0.94170433,0.93498963,0.9416667,0.93842065,0.9414747,0.9383724,0.9383542,0.94166446,0.941655,0.9416018
0.9352033,0.94159675,0.94182295,0.94192773,0.93523365,0.9418737,0.938635,0.941693,0.93860084,0.9385808,0.9418856,0.94187665,0.9418423
0.93556315,0.94194967,0.9421744,0.9422657,0.93559057,0.94222873,0.93899965,0.94203746,0.9389476,0.9389308,0.9422197,0.942215,0.9421789
0.9359248,0.9423197,0.9425322,0.9426223,0.93595594,0.9425881,0.9393697,0.9424065,0.939323,0.93929136,0.9425847,0.942575,0.94253397
0.936227,0.9426183,0.9428391,0.94293076,0.9362684,0.9428834,0.9396536,0.9427039,0.93961793,0.9396005,0.942885,0.9428836,0.9428331
0.9364271,0.9427966,0.94300646,0.9431056,0.9364577,0.9430634,0.93984836,0.94287884,0.93979394,0.9397758,0.94307494,0.94305265,0.9430025
0.9364444,0.9428006,0.9430111,0.9431112,0.93647766,0.94307035,0.9398706,0.942891,0.939811,0.9397919,0.9430766,0.94306666,0.9430163
0.93638384,0.9427506,0.9429651,0.94306016,0.936435,0.9430217,0.9398151,0.9428496,0.93977225,0.9397496,0.9430189,0.94301003,0.9429794
0.9366147,0.942978,0.9431956,0.9432658,0.93664587,0.94324154,0.9400254,0.9430656,0.9399841,0.9399728,0.94323134,0.94324267,0.94318384
0.9371208,0.943466,0.94367826,0.9437639,0.93715495,0.94372296,0.9405313,0.9435458,0.9404943,0.9404816,0.94372404,0.9437311,0.94368845
0.93759894,0.9439383,0.94413775,0.9442378,0.93763316,0.9441932,0.9410022,0.94402647,0.9409594,0.94094086,0.944188,0.9441944,0.9441378
0.93781596,0.94415134,0.94436574,0.9444544,0.93785477,0.9444159,0.9412378,0.94422954,0.941179,0.9411681,0.9444078,0.9444111,0.9443735
0.93797946,0.9443024,0.94450194,0.94460297,0.9380143,0.94456244,0.9413709,0.9443903,0.9413378,0.94130725,0.9445608,0.9445597,0.94450116
0.9380764,0.94439197,0.94459295,0.94467604,0.9381144,0.9446481,0.9414601,0.94447374,0.9414312,0.94139636,0.9446458,0.9446516,0.94457954
0.9383182,0.9446458,0.94485384,0.9449407,0.93835896,0.94491225,0.9417221,0.9447273,0.9416888,0.94165826,0.9449048,0.9449025,0.9448487
0.93864566,0.9449614,0.9451732,0.94524854,0.93867195,0.94521964,0.9420476,0.9450444,0.94199544,0.9419711,0.94521254,0.9452188,0.945158
0.93892914,0.94522893,0.94542843,0.9455002,0.9389604,0.9454825,0.94230115,0.94531214,0.94225425,0.942241,0.9454762,0.9454775,0.9454275
0.93905276,0.9453533,0.945565,0.9456492,0.9390836,0.945616,0.94244915,0.94545126,0.94240606,0.9423703,0.94560814,0.9456252,0.9455577
0.93901336,0.94531757,0.945525,0.9455994,0.9390374,0.9455773,0.94241506,0.9454114,0.9423613,0.9423294,0.94557315,0.9455731,0.9455249
0.9392641,0.94557416,0.9457475,0.945851,0.9393035,0.94582427,0.94263214,0.94564617,0.94259983,0.9425859,0.9458152,0.94582266,0.94576967
0.9396012,0.9459118,0.9460982,0.94618034,0.9396467,0.94616425,0.9429865,0.94598347,0.9429437,0.9429199,0.9461544,0.9461684,0.94610745
0.94003296,0.9463123,0.9465063,0.9465908,0.9400671,0.946577,0.943396,0.9464025,0.943362,0.94333476,0.9465706,0.946582,0.9465221
0.9405445,0.9468061,0.9470059,0.9470885,0.940567,0.9470638,0.9439205,0.9468903,0.94388276,0.9438453,0.94705224,0.9470719,0.9470141
0.94080395,0.94706154,0.94725513,0.9473423,0.9408257,0.9473296,0.9441549,0.9471581,0.9441197,0.9441011,0.94732016,0.94731617,0.947258
0.94108146,0.94734895,0.9475483,0.94763255,0.9411138,0.9476105,0.9444606,0.94744587,0.9444229,0.94438666,0.94761,0.9476139,0.94754124
0.9415492,0.9478066,0.94799066,0.94808394,0.94158655,0.94804776,0.9449201,0.94789207,0.9448716,0.94485587,0.94806165,0.9480522,0.94800663
0.94210696,0.9483576,0.94855225,0.9486254,0.942143,0.948614,0.94547355,0.9484436,0.9454357,0.94541025,0.94860524,0.9486152,0.94855714
0.9426057,0.9488356,0.949004,0.9491137,0.94263893,0.9490911,0.94595766,0.9489194,0.94591266,0.9458907,0.9490811,0.94909525,0.9490328
0.94302267,0.9492279,0.9494024,0.9494981,0.94305414,0.9494772,0.94637185,0.94931084,0.94632316,0.946291,0.9494866,0.94948804,0.94941926
0.94332117,0.9495225,0.9497102,0.94979054,0.9433572,0.9497753,0.9466647,0.9496042,0.94662327,0.94659674,0.94977,0.94978094,0.94971484
0.94349456,0.94968605,0.94987,0.9499554,0.9435165,0.9499312,0.94682926,0.9497744,0.9467969,0.94676757,0.94993275,0.94992995,0.9498923
0.9433964,0.94960046,0.9497722,0.9498681,0.94343764,0.94983894,0.9467396,0.94967616,0.946695,0.94667274,0.94983816,0.94984734,0.9497832
0.9431733,0.94937855,0.94955766,0.94964325,0.94321764,0.9496236,0.94650894,0.9494688,0.9464904,0.9464505,0.94961935,0.9496209,0.9495875
0.9429442,0.9491522,0.9493421,0.9494245,0.9429771,0.94940025,0.9462887,0.94923985,0.9462573,0.94621706,0.949394,0.9494174,0.9493454
0.942515,0.94873214,0.9489186,0.9489985,0.9425472,0.94898117,0.94585615,0.9488225,0.94582593,0.94579357,0.94897556,0.94898015,0.9489281
0.9422731,0.9484956,0.9486789,0.9487682,0.94231546,0.94874257,0.94561803,0.94857776,0.9455898,0.9455701,0.9487469,0.9487561,0.9486977
0.9421557,0.94838965,0.94858205,0.94866174,0.94219565,0.9486433,0.94551307,0.94848186,0.94549024,0.94544345,0.9486375,0.9486522,0.94860256
0.9421332,0.9483619,0.9485486,0.9486364,0.94217163,0.9486223,0.9454828,0.94845617,0.9454668,0.9454157,0.94860804,0.94862443,0.9485669
0.9421115,0.9483393,0.9485264,0.9486203,0.94215214,0.9486006,0.94546807,0.9484358,0.9454421,0.9453985,0.94858676,0.9486038,0.94854933
0.9421006,0.94833016,0.94851726,0.948614,0.9421363,0.94859093,0.9454588,0.9484216,0.9454361,0.9453904,0.94857657,0.9485968,0.9485386
0.9420854,0.94831246,0.94849014,0.94859415,0.9421236,0.9485834,0.9454371,0.9484025,0.94541985,0.94537336,0.9485594,0.9485828,0.94852555
0.94204456,0.94825846,0.9484432,0.94854707,0.9420667,0.94852024,0.9453949,0.9483589,0.9453743,0.94532716,0.9485221,0.9485197,0.9484711
0.9420379,0.9482546,0.9484381,0.948539,0.9420615,0.9485105,0.9453908,0.94835114,0.945366,0.9453183,0.94851565,0.9485135,0.948453
0.94212073,0.9483488,0.94852775,0.94861925,0.94216484,0.94860846,0.9454725,0.9484358,0.9454571,0.9454049,0.94859684,0.9486168,0.94855964
0.9421224,0.94835055,0.94853216,0.9486208,0.9421699,0.9486107,0.9454786,0.9484413,0.945458,0.94540834,0.9486,0.94861925,0.94856703
0.94204277,0.9482558,0.94843864,0.9485352,0.9420633,0.9485072,0.9453852,0.94834954,0.9453693,0.9453164,0.9485171,0.9485167,0.94845796
0.94201577,0.94823456,0.9484127,0.948503,0.9420394,0.9484703,0.94535965,0.9483178,0.9453407,0.9452942,0.9484882,0.9484951,0.9484347
0.94211024,0.9483382,0.94851375,0.94861126,0.94214994,0.9486004,0.9454634,0.9484241,0.9454472,0.9453955,0.9485961,0.94860864,0.94855255
0.94229925,0.9485115,0.9486975,0.94877356,0.942335,0.9487549,0.9456381,0.94859844,0.94562316,0.94558084,0.94877225,0.9487745,0.9487128
0.9421498,0.9483773,0.94855523,0.94864684,0.94219184,0.9486344,0.94549483,0.94846416,0.9454797,0.9454224,0.948649,0.9486428,0.9485846
0.942075,0.94830453,0.948486,0.94858634,0.9421075,0.9485752,0.94543093,0.94839275,0.94542,0.9453658,0.948561,0.94858474,0.9485159
0.94194967,0.94817066,0.94834185,0.9484338,0.9419673,0.9484091,0.94528186,0.94823796,0.9452697,0.9452168,0.94843215,0.94842184,0.9483719
0.941892,0.9481264,0.9483048,0.94838387,0.9419229,0.9483773,0.94522965,0.9482058,0.9452202,0.94518155,0.9483945,0.94838464,0.9483307
0.94189215,0.94812876,0.9483021,0.94838345,0.9419251,0.94837743,0.9452318,0.94820815,0.945225,0.9451781,0.9484017,0.94838375,0.9483338
0.9419609,0.9481896,0.9483691,0.9484594,0.94198287,0.9484354,0.9453065,0.948277,0.94529647,0.94524574,0.94846225,0.9484449,0.94838417
0.9419419,0.94817513,0.9483507,0.9484347,0.9419666,0.94841015,0.9452838,0.9482558,0.94526726,0.94522965,0.948444,0.9484231,0.9483675
0.9418037,0.9480698,0.94824696,0.94832456,0.94184244,0.94831115,0.94517845,0.9481475,0.94516546,0.94511676,0.9483436,0.9483224,0.9482593
0.94162536,0.947877,0.9480595,0.9481536,0.9416612,0.9481278,0.9449858,0.9479634,0.9449755,0.9449243,0.94814396,0.94815767,0.9480818
0.9413367,0.94759923,0.94778395,0.9478723,0.94136053,0.9478528,0.94471455,0.9476835,0.9446905,0.9446401,0.9478817,0.9478716,0.9477959
0.94108146,0.94736785,0.9475457,0.94763416,0.9411272,0.9476186,0.944463,0.94745755,0.94444597,0.9444031,0.9476365,0.9476299,0.9475655
0.9410603,0.9473546,0.9475287,0.94761944,0.9410995,0.94760567,0.9444478,0.9474444,0.94443005,0.9443853,0.94762206,0.9476111,0.9475488
0.94097775,0.94726133,0.94744414,0.94754153,0.9410033,0.94751936,0.9443569,0.94735503,0.944357,0.94430035,0.94755393,0.9475375,0.94746417
0.94070554,0.94699854,0.9471798,0.9472541,0.9407391,0.94725245,0.94406825,0.9470858,0.9440645,0.9440118,0.9472677,0.9472503,0.94719166
0.9401845,0.94648784,0.9466643,0.9467582,0.9402065,0.94674057,0.94358593,0.9465766,0.9435597,0.9435028,0.9467659,0.9467666,0.9466977
0.9395681,0.9458887,0.9460485,0.9461495,0.9396004,0.94614077,0.9429489,0.9459626,0.9429436,0.9429003,0.94616455,0.94615686,0.9460854
0.93885833,0.94517714,0.9453704,0.94544464,0.9388856,0.94544154,0.9422448,0.94527024,0.9422347,0.9421946,0.94546926,0.9454586,0.9453915
0.93802756,0.94436413,0.9445334,0.9446298,0.93806094,0.9446303,0.9414114,0.9444557,0.9414051,0.9413601,0.9446371,0.9446422,0.9445509
0.9373093,0.9436709,0.94385815,0.9439436,0.9373532,0.94394,0.94072694,0.9437584,0.94071996,0.9406528,0.94395,0.9439484,0.943873
0.9370146,0.9433606,0.9435463,0.9436307,0.9370331,0.9436276,0.9404129,0.9434388,0.94040906,0.9403557,0.94364643,0.9436447,0.9435767
0.9366874,0.9430601,0.9432375,0.9433271,0.93672764,0.943324,0.9401009,0.94314957,0.94010663,0.940051,0.94335747,0.94334835,0.94327873
0.93627363,0.94264346,0.942836,0.9429196,0.9363107,0.9429247,0.93969136,0.9427286,0.93970233,0.93963486,0.9429433,0.9429334,0.9428554
0.93577814,0.9421479,0.94231904,0.9424142,0.9358085,0.94240963,0.9391865,0.9422198,0.9391883,0.93913245,0.9424422,0.9424418,0.94235396
0.9354882,0.9418776,0.942045,0.94214463,0.9355305,0.94215035,0.9389166,0.9419541,0.9389094,0.93884814,0.9421713,0.9421663,0.94207174
0.93517345,0.9415555,0.9417336,0.94181764,0.9352295,0.9418381,0.9385967,0.9416423,0.93859726,0.93854475,0.94184995,0.9418404,0.9417572
0.9349303,0.9412866,0.94147,0.9415685,0.9349649,0.9415734,0.93833566,0.9413833,0.93833333,0.93828076,0.94159734,0.9415834,0.9415199
0.93494743,0.9413066,0.94148356,0.94159365,0.9349897,0.9415884,0.9383559,0.9413984,0.93835473,0.9382968,0.941611,0.9416025,0.9415358
0.93497515,0.9413351,0.94151723,0.9416174,0.9350153,0.9416206,0.93838394,0.9414288,0.93838274,0.9383224,0.9416393,0.94162893,0.94156325
0.93498105,0.941333,0.94152075,0.94161725,0.9350232,0.94161826,0.9383873,0.94142926,0.93838936,0.9383325,0.9416428,0.9416336,0.94156694
0.9349899,0.94134504,0.9415336,0.9416308,0.9350296,0.9416312,0.93839455,0.9414363,0.93839675,0.93833226,0.9416439,0.9416408,0.94157845
0.9349847,0.94134283,0.9415297,0.9416271,0.9350285,0.9416308,0.938392,0.94143313,0.9383964,0.93833125,0.94164205,0.9416409,0.9415749
0.93524617,0.94159967,0.9417758,0.94186145,0.93529254,0.9418855,0.93866533,0.9416818,0.93865085,0.9386021,0.9418893,0.94189775,0.9418068
0.93523496,0.9415835,0.9417632,0.9418492,0.935286,0.9418785,0.9386546,0.94167864,0.93864477,0.9385876,0.94187754,0.9418864,0.9417925
0.93522537,0.9415634,0.94172883,0.94183755,0.9352724,0.9418601,0.93863916,0.94165677,0.9386168,0.93857354,0.94185233,0.94187826,0.94177854
0.9351198,0.94143844,0.94162333,0.94172716,0.9351407,0.9417236,0.9384972,0.9415327,0.93850845,0.9384434,0.9417389,0.9417496,0.9416651
0.93506426,0.9414022,0.94158787,0.9416819,0.9351008,0.94168836,0.93845487,0.9414967,0.93846464,0.9384008,0.9416868,0.9417034,0.9416266
0.93502337,0.9413483,0.9415183,0.94162315,0.93505764,0.94163465,0.93841153,0.9414475,0.93841636,0.938348,0.9416476,0.9416505,0.94156945
0.9346757,0.94099796,0.94117045,0.94126636,0.9346875,0.94129413,0.93806165,0.94110596,0.938069,0.93801236,0.9412974,0.94131094,0.94123244
0.9341846,0.94051313,0.94069195,0.94078785,0.93420565,0.9408106,0.9375715,0.9406206,0.9375793,0.93751305,0.94081557,0.9408297,0.9407291
0.9337915,0.9401415,0.9403215,0.94042546,0.933824,0.9404167,0.9372107,0.9402451,0.9372071,0.9371386,0.9404327,0.94045156,0.9403473
0.9337538,0.940102,0.9402772,0.94037706,0.9337751,0.94037896,0.93715274,0.94020516,0.9371432,0.9370834,0.9403938,0.9404094,0.9403162
0.9338351,0.940177,0.9403686,0.9404613,0.93387,0.94047666,0.93725705,0.9402882,0.93725246,0.9371846,0.94049597,0.9404853,0.9403819
0.9337326,0.9400846,0.9402381,0.94034237,0.9337532,0.940361,0.9371183,0.9401768,0.9371176,0.93705684,0.9403567,0.9403881,0.94029164
0.9337981,0.94014096,0.94032246,0.9404214,0.93382627,0.9404245,0.9372157,0.9402498,0.9372137,0.93713915,0.9404365,0.94045705,0.9403494
0.9337489,0.9400863,0.94024664,0.94034976,0.93377405,0.9403745,0.9371268,0.9401754,0.937147,0.9370714,0.9403687,0.94040054,0.9402908
0.93391585,0.9402456,0.9404323,0.9405313,0.9339647,0.9405664,0.9373362,0.9403565,0.9373229,0.9372697,0.9405593,0.9405661,0.94047296
0.93422955,0.9405394,0.9407164,0.94081485,0.9342555,0.9408351,0.9376321,0.94066185,0.9376149,0.9375522,0.94085544,0.9408691,0.9407598
0.93421125,0.9405213,0.94069064,0.94078696,0.93422896,0.9408053,0.9376019,0.9406299,0.93759644,0.93752646,0.94080955,0.9408371,0.94073856
0.9339598,0.9402788,0.9404615,0.9405568,0.93400395,0.9405953,0.9373708,0.9403839,0.9373607,0.9373161,0.94058496,0.9405912,0.94050133
0.9337915,0.9400977,0.94026196,0.94036883,0.9338176,0.94038665,0.93716353,0.94019777,0.93715996,0.9371046,0.94038326,0.9404226,0.94031715
0.9338218,0.9401293,0.9402944,0.940396,0.9338397,0.9404177,0.9371941,0.94022906,0.9371893,0.9371248,0.94041604,0.9404385,0.94033855
0.93399274,0.9402944,0.9404813,0.9405797,0.93403107,0.94061905,0.93739235,0.94040626,0.9373803,0.93733996,0.9405974,0.9406161,0.94052804
0.93401635,0.94032246,0.9405001,0.94059265,0.9340608,0.9406356,0.9374107,0.94042593,0.93740493,0.9373621,0.9406241,0.9406333,0.94054973
0.9338749,0.9401894,0.94036955,0.9404616,0.93390363,0.94048667,0.9372799,0.9403078,0.93728006,0.9372095,0.9404935,0.94050944,0.94039947
0.93365633,0.9399732,0.94015163,0.9402406,0.93369603,0.940282,0.9370493,0.94007957,0.93703437,0.93699616,0.9402761,0.9403004,0.94020295
0.9334543,0.9397874,0.9399688,0.9400686,0.93349403,0.9400883,0.93686974,0.93990374,0.93687266,0.936801,0.9400808,0.94011325,0.94000304
0.93336314,0.93969977,0.9398592,0.9399663,0.93339276,0.93999493,0.9367618,0.9398007,0.93676513,0.93668854,0.93997896,0.94001067,0.93991005
0.93306637,0.9394127,0.9395957,0.93969893,0.93311316,0.93971056,0.9364816,0.93952423,0.93647504,0.9364254,0.9397184,0.93973833,0.93963104
0.9330185,0.93938136,0.93955666,0.93965936,0.93306285,0.93967265,0.9364371,0.93948954,0.9364421,0.9363851,0.9396714,0.9397001,0.9395961
0.9329965,0.93935573,0.9395253,0.93963504,0.93303037,0.93964106,0.9364078,0.9394493,0.9364221,0.9363477,0.93963915,0.9396753,0.93956864
0.9330261,0.93939537,0.93957245,0.93967,0.9330818,0.9396878,0.93644816,0.9394991,0.9364556,0.9364005,0.9396941,0.9397136,0.93960714
0.93293965,0.93929094,0.9394566,0.9395638,0.93296546,0.9395919,0.9363453,0.9393858,0.936355,0.9362849,0.93958676,0.9395976,0.9395052
0.93272036,0.93907785,0.93925524,0.9393522,0.93277305,0.939382,0.9361484,0.9391883,0.93612784,0.9360791,0.9393919,0.93939716,0.939305
0.93270326,0.9390627,0.93923295,0.939335,0.93275523,0.93936265,0.9361199,0.93917334,0.93611044,0.936061,0.9393643,0.93938327,0.9392793
0.932864,0.93920624,0.9393702,0.93947965,0.9328894,0.9395212,0.93626565,0.9393151,0.93625796,0.93619597,0.9395091,0.93952996,0.9394251
0.9330047,0.939366,0.93954164,0.9396418,0.9330447,0.93966085,0.9364192,0.9394615,0.9364275,0.93635106,0.9396575,0.9396883,0.93958265
0.9333386,0.93967956,0.9398367,0.9399456,0.93337053,0.93997586,0.93672425,0.9397731,0.9367424,0.9366596,0.9399728,0.9399964,0.93989164
0.93357414,0.9399253,0.94010127,0.9401963,0.9336366,0.9402297,0.9369995,0.94003075,0.9369801,0.9369408,0.9402406,0.94025075,0.94015276
0.9339823,0.94031936,0.94048065,0.94058686,0.9340274,0.9406148,0.937378,0.9404052,0.9373695,0.9373276,0.94061744,0.9406324,0.9405427
0.9341976,0.9405159,0.9406892,0.9407815,0.9342325,0.94081104,0.9375859,0.9406229,0.93758994,0.93751764,0.9408313,0.9408425,0.9407265
0.9344756,0.94079596,0.94096637,0.94107246,0.93453515,0.94109905,0.93786985,0.94088596,0.9378653,0.93780863,0.94109327,0.94111747,0.94100964
